{
  "pools": [
    {
      "rolls": 1,
      "entries": [
        {
          "type": "minecraft:item",
          "name": "minecraft:enchanted_book"
        }
      ],
      "functions": [
        {
          "function": "minecraft:set_nbt",
          "tag": "{backpack:0b,CustomModelData:1,Items:[{id:\"minecraft:structure_void\",Count:1b,Slot:26b,tag:{backpack:1b,display:{Name:\"{\\\"text\\\":\\\"Close\\\",\\\"color\\\":\\\"red\\\",\\\"italic\\\":false}\"}}}]}"
        },
        {
          "function": "minecraft:set_name",
          "name" : {
            "text": "§bBackpack §7[Q]",
            "entity": "this",
            "italic": false
          }
        }
      ]
    }
  ]
}
